{"cameraMode":{"drawMode":0,"name":"Shaded","section":"Shading Mode"},"sceneLighting":false,"audioPlay":false,"sceneViewState":{"m_AlwaysRefresh":false,"showFog":true,"showSkybox":true,"showFlares":true,"showImageEffects":true,"showParticleSystems":true,"showVisualEffectGraphs":true,"m_FxEnabled":true},"in2DMode":false,"pivot":{"x":9.056288719177246,"y":22.256107330322267,"z":8.054405212402344},"rotation":{"x":-0.18813590705394746,"y":-0.021510273218154908,"z":0.004121326841413975,"w":-0.9818994998931885},"size":29.40880584716797,"orthographic":false}